<?xml version="1.0" encoding="UTF-8" standalone="yes"?>
<addon id="plugin.video.listam3u" version="3.0.1" name="Lista M3U" provider-name="ListaM3U.com">
	<requires>
		<import addon="xbmc.python" version="3.0.0"/>
		<import addon="script.module.simplejson" version="3.0.0"/>
	</requires>
	<extension point="xbmc.python.pluginsource" library="default.py">
		<provides>video</provides>
	</extension>
	<extension point="xbmc.addon.metadata">
		<summary>Wtyczka dla Użytkowników strony ListaM3U.com</summary>
 		<summary lang="pl">Wtyczka dla Użytkowników strony ListaM3U.com</summary>
		<description>Wtyczka dla Użytkowników strony ListaM3U.com</description>
		<description lang="pl">Wtyczka dla Użytkowników strony ListaM3U.com</description>
		<disclaimer>Licence: As is.</disclaimer>
		<disclaimer lang="en">Licence: As is.</disclaimer>
		<platform>all</platform>
		<assets>
    		<icon>resources/icon.png</icon>
		</assets> 
	</extension>
</addon>
