<?xml version="1.0" encoding="UTF-8" standalone="yes" ?>
<addon id="plugin.video.polstreamLive" name="polstreamLive" version="1.0.0" provider-name="lg">
    <requires>
        <import addon="script.module.requests" />
        <import addon="script.module.inputstreamhelper" />
        <import addon="service.cronxbmc" optional="true"/>
        <import addon="script.module.future"/>
    </requires>
    <extension point="xbmc.python.pluginsource" library="addon.py">
        <provides>video</provides>
    </extension>
 	<extension point="xbmc.addon.metadata">
        <description lang="pl">polstreamLive</description>
        <disclaimer lang="pl">polstreamLive
        </disclaimer>
        <summary lang="en">polstreamLive</summary>
        <description lang="en">polstreamLive</description>
        <disclaimer lang="en">polstreamLive
        </disclaimer>
        <language>pl</language>
        <platform>all</platform>
        <license>GNU GENERAL PUBLIC LICENSE. Version 2, June 1991</license>
        <website></website>
        <assets>
            <icon></icon>
        </assets>
        <reuselanguageinvoker>true</reuselanguageinvoker>
    </extension>
</addon>